{"type":"Topology","transform":{"scale":[0.00009390930568967661,0.00008077638597638253],"translate":[2.0531229787480725,41.31692359340865]},"arcs":[[[1377,922],[47,0],[72,-63],[23,19],[42,-36]],[[1561,842],[-35,-18],[-74,-158],[27,-10],[-29,-40],[-51,23],[7,80],[22,32],[-39,36],[16,-46],[-43,-24],[15,57],[-45,-69],[53,-28],[-59,8]],[[1326,685],[-26,30],[-78,3]],[[1222,718],[-51,47],[10,83],[64,1],[36,43],[96,30]],[[1222,718],[-185,1],[-87,72],[3,58]],[[953,849],[18,85]],[[971,934],[121,40]],[[1092,974],[39,11],[75,66],[60,32],[-36,31]],[[1230,1114],[72,64]],[[1302,1178],[113,-99],[8,-117],[-46,-40]],[[1326,685],[-13,-59],[63,-34],[9,-19],[-84,-160],[-56,-295],[34,-116],[-10,-2],[-33,117],[22,108],[-15,35],[27,142],[104,187],[-66,9],[-28,-42],[22,-41],[-47,21],[23,-46],[-60,-100],[-53,43],[-10,-57],[-88,-58],[-26,39],[-13,-113],[-43,-1],[30,-80],[78,145],[37,20],[79,-19],[-18,-22],[-65,-152],[-45,0],[-38,-85],[-258,11],[-135,44],[-87,107],[-48,29],[265,106],[115,55],[-35,43],[-4,90],[25,22],[-52,87],[-98,84]],[[731,728],[222,121]],[[530,1042],[61,-33],[13,-28],[35,13],[56,-35],[-9,-28],[36,-25],[94,31],[91,-17],[64,14]],[[731,728],[-3,28],[-39,-27],[-91,2],[-17,31],[-62,33],[18,44],[-27,28],[-33,87],[53,88]],[[76,1448],[88,-23],[-18,-57],[47,-55],[-8,-49],[-67,-14],[0,-47],[-57,-20],[-8,-31],[-36,49],[23,31],[-6,64],[-34,36],[49,21],[-1,123],[28,-28]],[[725,1348],[0,-63],[72,-30],[14,16]],[[811,1271],[52,-22],[72,-75],[44,-5],[52,-65],[13,-69],[48,-61]],[[530,1042],[10,33],[-34,57],[-55,-7],[-111,20],[-75,-80],[-62,11],[-28,30],[112,120],[-34,46],[35,59],[-80,8],[42,45],[-37,24],[-23,46],[41,12],[3,-28],[70,-15],[44,-37],[69,9],[26,38],[42,-11],[49,-46],[23,9],[104,-12],[64,-25]],[[811,1271],[62,28],[3,31],[90,-52],[44,18],[40,-18],[-9,-27],[47,-38],[25,19],[117,-118]],[[1310,1343],[48,-60],[-2,-59]],[[1356,1224],[-54,-46]],[[725,1348],[86,123],[2,74],[56,72],[183,-3],[77,39]],[[1129,1653],[-21,-55],[75,-120],[-11,-40],[32,-43],[-24,-21],[130,-31]],[[1430,1797],[16,-116],[-5,-42],[-61,-232],[21,-34],[-78,4],[-13,-34]],[[1129,1653],[54,-7],[16,20],[-21,54],[13,27],[107,68],[57,16],[-7,34],[78,3],[4,-71]],[[1641,1370],[-57,29],[-57,-31],[-44,-159],[-36,-11],[-60,53],[-31,-27]],[[1430,1797],[29,-54],[99,-86],[73,-86],[46,-128],[-47,-11],[11,-62]],[[1641,1370],[-13,-25],[54,-30],[130,-138],[63,-30],[-32,-53],[-65,0],[-63,-73],[-79,-69],[-18,-36],[-71,-50],[14,-24]]],"objects":{"districtes_geo":{"type":"GeometryCollection","geometries":[{"arcs":[[0,1,2,3]],"type":"Polygon","properties":{"codi":"01","districte":"Ciutat Vella"}},{"arcs":[[-4,4,5,6,7,8,9]],"type":"Polygon","properties":{"codi":"02","districte":"Eixample"}},{"arcs":[[-3,10,11,-5]],"type":"Polygon","properties":{"codi":"03","districte":"Sants-Montjuïc"}},{"arcs":[[12,-6,-12,13]],"type":"Polygon","properties":{"codi":"04","districte":"Les Corts"}},{"arcs":[[[14]],[[15,16,-7,-13,17]]],"type":"MultiPolygon","properties":{"codi":"05","districte":"Sarrià-Sant Gervasi"}},{"arcs":[[-8,-17,18]],"type":"Polygon","properties":{"codi":"06","districte":"Gràcia"}},{"arcs":[[19,20,-9,-19,-16,21,22]],"type":"Polygon","properties":{"codi":"07","districte":"Horta-Guinardó"}},{"arcs":[[23,-23,24]],"type":"Polygon","properties":{"codi":"08","districte":"Nou Barris"}},{"arcs":[[25,-20,-24,26]],"type":"Polygon","properties":{"codi":"09","districte":"Sant Andreu"}},{"arcs":[[27,-1,-10,-21,-26]],"type":"Polygon","properties":{"codi":"10","districte":"Sant Martí"}}]}}}